Seq,DateListed,年度,類別,項目別,勞動力人口_總計_人,勞動力人口_就業_人,勞動力人口_失業_人,男_小計_人,男_就業_人,男_失業_人,女_小計_人,女_就業_人,女_失業_人,樣本數_人,勞動力人口_總計_百分比,勞動力人口_就業_百分比,勞動力人口_失業_百分比,男_小計_百分比,男_就業_百分比,男_失業_百分比,女_小計_百分比,女_就業_百分比,女_失業_百分比
1,"20241122","103","總計","-","245668.36","235643.1","10025.25","135113.32","129603.87","5509.45","110555.04","106039.23","4515.81","31511.55","100","95.92","4.08","100","95.92","4.08","100","95.92","4.08"
2,"20241122","103","行政區域","台灣省","151372.96","145545.77","5827.19","87367.08","83971.67","3395.4","64005.88","61574.09","2431.79","19416.59","100","96.15","3.85","100","96.11","3.89","100","96.2","3.8"
3,"20241122","103","行政區域","山地鄉","63591.72","61268.52","2323.2","38700.12","37413.71","1286.42","24891.59","23854.81","1036.78","8157.04","100","96.35","3.65","100","96.68","3.32","100","95.83","4.17"
4,"20241122","103","行政區域","平地原住民鄉鎮市","61260.22","58796.52","2463.7","35840.96","34361","1479.97","25419.26","24435.53","983.73","7857.85","100","95.98","4.02","100","95.87","4.13","100","96.13","3.87"
5,"20241122","103","行政區域","非原住民鄉鎮市","26521.02","25480.72","1040.29","12825.99","12196.97","629.02","13695.02","13283.75","411.27","3401.7","100","96.08","3.92","100","95.1","4.9","100","97","3"
6,"20241122","103","行政區域","新北市","26201.34","25335.11","866.23","13242.62","12792.93","449.69","12958.72","12542.18","416.54","3360.77","100","96.69","3.31","100","96.6","3.4","100","96.79","3.21"
7,"20241122","103","行政區域","臺北市","7337.88","7044.41","293.47","3254.22","3137.04","117.19","4083.66","3907.37","176.29","941.22","100","96","4","100","96.4","3.6","100","95.68","4.32"
8,"20241122","103","行政區域","桃園市","27668.11","26538.48","1129.63","15128.4","14518.09","610.3","12539.71","12020.39","519.33","3548.88","100","95.92","4.08","100","95.97","4.03","100","95.86","4.14"
9,"20241122","103","行政區域","臺中市","15019.01","14158.4","860.62","7274.36","6827.74","446.62","7744.66","7330.66","414","1926.46","100","94.27","5.73","100","93.86","6.14","100","94.65","5.35"
10,"20241122","103","行政區域","臺南市","3332.89","3064","268.89","1280.21","1183.32","96.89","2052.68","1880.67","172","427.43","100","91.93","8.07","100","92.43","7.57","100","91.62","8.38"
11,"20241122","103","行政區域","高雄市","14736.16","13956.94","779.22","7566.42","7173.07","393.35","7169.74","6783.87","385.87","1890.19","100","94.71","5.29","100","94.8","5.2","100","94.62","5.38"
12,"20241122","103","統計區域","北部地區","83556.48","80614.39","2942.09","45168.82","43615.52","1553.3","38387.66","36998.87","1388.79","10717.63","100","96.48","3.52","100","96.56","3.44","100","96.38","3.62"
13,"20241122","103","統計區域","北部地區_山地鄉","14019.16","13565.03","454.13","9520.21","9246.99","273.22","4498.95","4318.04","180.91","1798.19","100","96.76","3.24","100","97.13","2.87","100","95.98","4.02"
14,"20241122","103","統計區域","北部地區_平地原住民鄉鎮市","328.95","323.19","5.76","212.78","207.02","5.76","116.17","116.17","0","42.2","100","98.25","1.75","100","97.29","2.71","100","100","0"
15,"20241122","103","統計區域","北部地區_非原住民鄉鎮市","69208.37","66726.17","2482.2","35435.83","34161.51","1274.32","33772.54","32564.66","1207.88","8877.24","100","96.41","3.59","100","96.4","3.6","100","96.42","3.58"
16,"20241122","103","統計區域","中部地區","36940.54","35077.41","1863.14","19183.42","18149.82","1033.6","17757.12","16927.58","829.54","4738.24","100","94.96","5.04","100","94.61","5.39","100","95.33","4.67"
17,"20241122","103","統計區域","中部地區_山地鄉","15220.8","14519.31","701.49","9053.73","8679.24","374.49","6167.08","5840.07","327.01","1952.27","100","95.39","4.61","100","95.86","4.14","100","94.7","5.3"
18,"20241122","103","統計區域","中部地區_平地原住民鄉鎮市","1373.88","1299.66","74.22","805.93","743.74","62.18","567.95","555.91","12.04","176.23","100","94.6","5.4","100","92.28","7.72","100","97.88","2.12"
19,"20241122","103","統計區域","中部地區_非原住民鄉鎮市","20345.86","19258.44","1087.42","9323.77","8726.84","596.93","11022.09","10531.6","490.49","2609.75","100","94.66","5.34","100","93.6","6.4","100","95.55","4.45"
20,"20241122","103","統計區域","南部地區","47703.02","45671.1","2031.92","24928.77","23910.33","1018.44","22774.25","21760.77","1013.48","6118.93","100","95.74","4.26","100","95.91","4.09","100","95.55","4.45"
21,"20241122","103","統計區域","南部地區_山地鄉","27007.69","26204.89","802.8","15312.27","14893.16","419.12","11695.42","11311.73","383.69","3464.25","100","97.03","2.97","100","97.26","2.74","100","96.72","3.28"
22,"20241122","103","統計區域","南部地區_平地原住民鄉鎮市","958.9","932.62","26.27","533.02","523.36","9.66","425.88","409.26","16.62","123.04","100","97.26","2.74","100","98.19","1.81","100","96.1","3.9"
23,"20241122","103","統計區域","南部地區_非原住民鄉鎮市","19736.43","18533.58","1202.85","9083.47","8493.81","589.67","10652.95","10039.78","613.18","2531.64","100","93.91","6.09","100","93.51","6.49","100","94.24","5.76"
24,"20241122","103","統計區域","東部地區","77468.32","74280.21","3188.11","45832.31","43928.2","1904.11","31636.01","30352.01","1283.99","9936.74","100","95.88","4.12","100","95.85","4.15","100","95.94","4.06"
25,"20241122","103","統計區域","東部地區_山地鄉","18784.28","17953.62","830.66","11494.15","10992.4","501.74","7290.14","6961.22","328.92","2409.39","100","95.58","4.42","100","95.63","4.37","100","95.49","4.51"
26,"20241122","103","統計區域","東部地區_平地原住民鄉鎮市","58598.5","56241.05","2357.44","34289.23","32886.87","1402.37","24309.26","23354.19","955.08","7516.38","100","95.98","4.02","100","95.91","4.09","100","96.07","3.93"
27,"20241122","103","統計區域","東部地區_非原住民鄉鎮市","85.54","85.54","0","48.93","48.93","0","36.61","36.61","0","10.97","100","100","0","100","100","0","100","100","0"
28,"20241122","103","縣市","新北市","26201.34","25335.11","866.23","13242.62","12792.93","449.69","12958.72","12542.18","416.54","3360.77","100","96.69","3.31","100","96.6","3.4","100","96.79","3.21"
29,"20241122","103","縣市","臺北市","7337.88","7044.41","293.47","3254.22","3137.04","117.19","4083.66","3907.37","176.29","941.22","100","96","4","100","96.4","3.6","100","95.68","4.32"
30,"20241122","103","縣市","桃園市","27668.11","26538.48","1129.63","15128.4","14518.09","610.3","12539.71","12020.39","519.33","3548.88","100","95.92","4.08","100","95.97","4.03","100","95.86","4.14"
31,"20241122","103","縣市","臺中市","15019.01","14158.4","860.62","7274.36","6827.74","446.62","7744.66","7330.66","414","1926.46","100","94.27","5.73","100","93.86","6.14","100","94.65","5.35"
32,"20241122","103","縣市","臺南市","3332.89","3064","268.89","1280.21","1183.32","96.89","2052.68","1880.67","172","427.43","100","91.93","8.07","100","92.43","7.57","100","91.62","8.38"
33,"20241122","103","縣市","高雄市","14736.16","13956.94","779.22","7566.42","7173.07","393.35","7169.74","6783.87","385.87","1890.19","100","94.71","5.29","100","94.8","5.2","100","94.62","5.38"
34,"20241122","103","縣市","宜蘭縣","5932.09","5715.26","216.84","4125.21","4006.85","118.36","1806.88","1708.4","98.48","760.83","100","96.34","3.66","100","97.13","2.87","100","94.55","5.45"
35,"20241122","103","縣市","新竹縣","8936.59","8728.45","208.14","5411.07","5297.15","113.92","3525.52","3431.3","94.22","1146.38","100","97.67","2.33","100","97.89","2.11","100","97.33","2.67"
36,"20241122","103","縣市","苗栗縣","4431.18","4236.55","194.62","2277.08","2186.23","90.85","2154.1","2050.32","103.78","568.35","100","95.61","4.39","100","96.01","3.99","100","95.18","4.82"
37,"20241122","103","縣市","彰化縣","3178.54","3031.78","146.76","1538.04","1468.49","69.55","1640.51","1563.29","77.22","407.72","100","95.38","4.62","100","95.48","4.52","100","95.29","4.71"
38,"20241122","103","縣市","南投縣","13135.18","12517.84","617.33","7742.22","7326.32","415.9","5392.95","5191.52","201.43","1684.71","100","95.3","4.7","100","94.63","5.37","100","96.26","3.74"
39,"20241122","103","縣市","雲林縣","1176.63","1132.83","43.8","351.73","341.04","10.68","824.9","791.79","33.11","151","100","96.28","3.72","100","96.96","3.04","100","95.99","4.01"
40,"20241122","103","縣市","嘉義縣","2581.64","2544.78","36.85","1335.56","1308.79","26.78","1246.08","1236","10.08","331.06","100","98.57","1.43","100","98","2","100","99.19","0.81"
41,"20241122","103","縣市","屏東縣","25371.3","24521.76","849.54","14019.26","13552.46","466.8","11352.04","10969.3","382.74","3254.57","100","96.65","3.35","100","96.67","3.33","100","96.63","3.37"
42,"20241122","103","縣市","臺東縣","32903.05","31630.36","1272.69","19352.12","18523.91","828.2","13550.93","13106.44","444.49","4220.78","100","96.13","3.87","100","95.72","4.28","100","96.72","3.28"
43,"20241122","103","縣市","花蓮縣","44565.27","42649.85","1915.42","26480.19","25404.28","1075.91","18085.08","17245.57","839.51","5715.96","100","95.7","4.3","100","95.94","4.06","100","95.36","4.64"
44,"20241122","103","縣市","澎湖縣","664.65","632.85","31.81","345.41","338.28","7.13","319.25","294.57","24.67","85.31","100","95.21","4.79","100","97.94","2.06","100","92.27","7.73"
45,"20241122","103","縣市","基隆市","4902.18","4803.32","98.86","2831.32","2765.1","66.22","2070.86","2038.22","32.64","628.79","100","97.98","2.02","100","97.66","2.34","100","98.42","1.58"
46,"20241122","103","縣市","新竹市","2578.28","2449.36","128.93","1175.97","1098.35","77.63","1402.31","1351.01","51.3","330.75","100","95","5","100","93.4","6.6","100","96.34","3.66"
47,"20241122","103","縣市","嘉義市","1016.38","950.77","65.61","381.9","354.41","27.49","634.47","596.36","38.12","130.37","100","93.55","6.45","100","92.8","7.2","100","93.99","6.01"
48,"20241122","104","總計","-","247632.11","237395.25","10236.86","136245.55","130679.53","5566.02","111386.56","106715.72","4670.84","32279.57","100","95.87","4.13","100","95.91","4.09","100","95.81","4.19"
49,"20241122","104","行政區域","台灣省","150269.49","144311.47","5958.01","86364.6","82941.59","3423.01","63904.89","61369.88","2535","19588.18","100","96.04","3.96","100","96.04","3.96","100","96.03","3.97"
50,"20241122","104","行政區域","山地鄉","63000.45","60434.16","2566.29","38604.34","37042.35","1561.99","24396.11","23391.81","1004.3","8212.39","100","95.93","4.07","100","95.95","4.05","100","95.88","4.12"
51,"20241122","104","行政區域","平地原住民鄉鎮市","61304.04","58995.03","2309.01","35655.45","34198.5","1456.95","25648.59","24796.53","852.06","7991.46","100","96.23","3.77","100","95.91","4.09","100","96.68","3.32"
52,"20241122","104","行政區域","非原住民鄉鎮市","25965","24882.28","1082.72","12104.81","11700.74","404.07","13860.19","13181.54","678.65","3384.33","100","95.83","4.17","100","96.66","3.34","100","95.1","4.9"
53,"20241122","104","行政區域","新北市","26679.99","25598.33","1081.66","13561.05","13066.51","494.55","13118.94","12531.82","587.12","3477.3","100","95.95","4.05","100","96.35","3.65","100","95.52","4.48"
54,"20241122","104","行政區域","臺北市","7409.51","7154.67","254.85","3476.75","3377.26","99.49","3932.76","3777.41","155.36","965.81","100","96.56","3.44","100","97.14","2.86","100","96.05","3.95"
55,"20241122","104","行政區域","桃園市","30856.47","29669.15","1187.32","16665.63","16063.17","602.45","14190.84","13605.97","584.87","4022.15","100","96.15","3.85","100","96.39","3.61","100","95.88","4.12"
56,"20241122","104","行政區域","臺中市","15375.97","14654.39","721.58","7479.99","7162.21","317.77","7895.98","7492.17","403.81","2004.43","100","95.31","4.69","100","95.75","4.25","100","94.89","5.11"
57,"20241122","104","行政區域","臺南市","3386.62","3131.85","254.77","1393.98","1260.84","133.14","1992.64","1871.01","121.63","441.47","100","92.48","7.52","100","90.45","9.55","100","93.9","6.1"
58,"20241122","104","行政區域","高雄市","13654.06","12875.39","778.67","7303.55","6807.94","495.61","6350.51","6067.45","283.06","1780.23","100","94.3","5.7","100","93.21","6.79","100","95.54","4.46"
59,"20241122","104","統計區域","北部地區","86481.45","83109.96","3371.48","46253.21","44667.22","1585.98","40228.24","38442.74","1785.5","11272.52","100","96.1","3.9","100","96.57","3.43","100","95.56","4.44"
60,"20241122","104","統計區域","北部地區_山地鄉","13908.53","13218.29","690.24","9577.29","9175.03","402.26","4331.24","4043.26","287.98","1812.97","100","95.04","4.96","100","95.8","4.2","100","93.35","6.65"
61,"20241122","104","統計區域","北部地區_平地原住民鄉鎮市","237.41","229.17","8.24","139.64","134.17","5.47","97.77","94.99","2.78","30.95","100","96.53","3.47","100","96.08","3.92","100","97.16","2.84"
62,"20241122","104","統計區域","北部地區_非原住民鄉鎮市","72335.51","69662.51","2673","36536.28","35358.03","1178.25","35799.23","34304.48","1494.75","9428.6","100","96.3","3.7","100","96.78","3.22","100","95.82","4.18"
63,"20241122","104","統計區域","中部地區","36943.32","35453.72","1489.61","19282.06","18630.39","651.67","17661.26","16823.33","837.94","4815.44","100","95.97","4.03","100","96.62","3.38","100","95.26","4.74"
64,"20241122","104","統計區域","中部地區_山地鄉","14585.09","14095.2","489.88","8600.81","8394.03","206.78","5984.28","5701.18","283.1","1901.21","100","96.64","3.36","100","97.6","2.4","100","95.27","4.73"
65,"20241122","104","統計區域","中部地區_平地原住民鄉鎮市","1431.12","1398.72","32.41","903.44","882.99","20.45","527.69","515.73","11.96","186.52","100","97.74","2.26","100","97.74","2.26","100","97.73","2.27"
66,"20241122","104","統計區域","中部地區_非原住民鄉鎮市","20927.11","19959.8","967.32","9777.82","9353.38","424.44","11149.3","10606.42","542.88","2727.71","100","95.38","4.62","100","95.66","4.34","100","95.13","4.87"
67,"20241122","104","統計區域","南部地區","46220.71","44017.44","2203.28","24763.31","23544.3","1219.01","21457.41","20473.14","984.27","6025.69","100","95.23","4.77","100","95.08","4.92","100","95.41","4.59"
68,"20241122","104","統計區域","南部地區_山地鄉","25633.28","24647.57","985.71","14980.23","14407.66","572.57","10653.05","10239.91","413.14","3341.83","100","96.15","3.85","100","96.18","3.82","100","96.12","3.88"
69,"20241122","104","統計區域","南部地區_平地原住民鄉鎮市","1130.47","1100.66","29.81","698.16","687.72","10.45","432.31","412.95","19.36","147.34","100","97.36","2.64","100","98.5","1.5","100","95.52","4.48"
70,"20241122","104","統計區域","南部地區_非原住民鄉鎮市","19456.97","18269.21","1187.76","9084.91","8448.92","635.99","10372.05","9820.28","551.77","2536.51","100","93.9","6.1","100","93","7","100","94.68","5.32"
71,"20241122","104","統計區域","東部地區","77986.62","74814.13","3172.49","45946.97","43837.62","2109.35","32039.65","30976.51","1063.13","10165.92","100","95.93","4.07","100","95.41","4.59","100","96.68","3.32"
72,"20241122","104","統計區域","東部地區_山地鄉","19383.86","18452.48","931.38","12001.86","11315.65","686.21","7381.99","7136.83","245.17","2526.53","100","95.2","4.8","100","94.28","5.72","100","96.68","3.32"
73,"20241122","104","統計區域","東部地區_平地原住民鄉鎮市","58505.04","56266.49","2238.55","33914.21","32493.63","1420.58","24590.83","23772.86","817.97","7626.65","100","96.17","3.83","100","95.81","4.19","100","96.67","3.33"
74,"20241122","104","統計區域","東部地區_非原住民鄉鎮市","97.72","95.16","2.56","30.9","28.34","2.56","66.82","66.82","0","12.74","100","97.38","2.62","100","91.71","8.29","100","100","0"
75,"20241122","104","縣市","新北市","26679.99","25598.33","1081.66","13561.05","13066.51","494.55","13118.94","12531.82","587.12","3477.3","100","95.95","4.05","100","96.35","3.65","100","95.52","4.48"
76,"20241122","104","縣市","臺北市","7409.51","7154.67","254.85","3476.75","3377.26","99.49","3932.76","3777.41","155.36","965.81","100","96.56","3.44","100","97.14","2.86","100","96.05","3.95"
77,"20241122","104","縣市","桃園市","30856.47","29669.15","1187.32","16665.63","16063.17","602.45","14190.84","13605.97","584.87","4022.15","100","96.15","3.85","100","96.39","3.61","100","95.88","4.12"
78,"20241122","104","縣市","臺中市","15375.97","14654.39","721.58","7479.99","7162.21","317.77","7895.98","7492.17","403.81","2004.43","100","95.31","4.69","100","95.75","4.25","100","94.89","5.11"
79,"20241122","104","縣市","臺南市","3386.62","3131.85","254.77","1393.98","1260.84","133.14","1992.64","1871.01","121.63","441.47","100","92.48","7.52","100","90.45","9.55","100","93.9","6.1"
80,"20241122","104","縣市","高雄市","13654.06","12875.39","778.67","7303.55","6807.94","495.61","6350.51","6067.45","283.06","1780.23","100","94.3","5.7","100","93.21","6.79","100","95.54","4.46"
81,"20241122","104","縣市","宜蘭縣","5700.38","5402.05","298.33","3685.43","3524.46","160.97","2014.95","1877.59","137.35","743.09","100","94.77","5.23","100","95.63","4.37","100","93.18","6.82"
82,"20241122","104","縣市","新竹縣","8522.04","8196.01","326.04","4965.1","4817.96","147.13","3556.95","3378.04","178.9","1111.06","100","96.17","3.83","100","97.04","2.96","100","94.97","5.03"
83,"20241122","104","縣市","苗栗縣","4260.5","4218.26","42.25","2269.69","2241.96","27.73","1990.81","1976.3","14.51","555.19","100","99.01","0.99","100","98.78","1.22","100","99.27","0.73"
84,"20241122","104","縣市","彰化縣","3502.55","3373.28","129.26","1710.03","1678.56","31.46","1792.52","1694.72","97.8","456.42","100","96.31","3.69","100","98.16","1.84","100","94.54","5.46"
85,"20241122","104","縣市","南投縣","12787.89","12279.84","508.05","7529.09","7275.41","253.68","5258.8","5004.43","254.37","1666.86","100","96.03","3.97","100","96.63","3.37","100","95.16","4.84"
86,"20241122","104","縣市","雲林縣","1016.42","927.95","88.47","293.27","272.25","21.02","723.16","655.71","67.45","132.55","100","91.3","8.7","100","92.83","7.17","100","90.67","9.33"
87,"20241122","104","縣市","嘉義縣","2344.16","2287.61","56.55","1113.4","1091.75","21.66","1230.76","1195.87","34.89","305.51","100","97.59","2.41","100","98.05","1.95","100","97.17","2.83"
88,"20241122","104","縣市","屏東縣","25655.57","24646.64","1008.94","14391.98","13858.81","533.17","11263.59","10787.83","475.76","3344.52","100","96.07","3.93","100","96.3","3.7","100","95.78","4.22"
89,"20241122","104","縣市","臺東縣","32078.54","31000.35","1078.19","18901.56","18139.21","762.35","13176.99","12861.15","315.84","4180.56","100","96.64","3.36","100","95.97","4.03","100","97.6","2.4"
90,"20241122","104","縣市","花蓮縣","45908.08","43813.78","2094.3","27045.42","25698.41","1347","18862.66","18115.37","747.29","5985.36","100","95.44","4.56","100","95.02","4.98","100","96.04","3.96"
91,"20241122","104","縣市","澎湖縣","316.28","270.41","45.87","140.71","126.97","13.75","175.57","143.44","32.12","41.27","100","85.5","14.5","100","90.23","9.77","100","81.7","18.3"
92,"20241122","104","縣市","基隆市","4820.52","4671.59","148.93","2879.97","2822.25","57.72","1940.56","1849.34","91.22","628.22","100","96.91","3.09","100","98","2","100","95.3","4.7"
93,"20241122","104","縣市","新竹市","2492.53","2418.18","74.36","1019.29","995.61","23.68","1473.25","1422.57","50.68","324.89","100","97.02","2.98","100","97.68","2.32","100","96.56","3.44"
94,"20241122","104","縣市","嘉義市","864.02","805.53","58.49","419.67","397.99","21.68","444.35","407.54","36.8","112.7","100","93.23","6.77","100","94.83","5.17","100","91.72","8.28"
95,"20241122","105","總計","-","258112","247905","10207","142009","136459","5550","116103","111446","4657","","100","96.05","3.95","100","96.09","3.91","100","95.99","4.01"
96,"20241122","105","行政區域","山地鄉","99494","95513","3981","54739.66","52575.01","2164.65","44754.34","42937.99","1816.35","","100","96","4","100","96.05","3.95","100","95.94","4.06"
97,"20241122","105","行政區域","平地原住民鄉鎮市","97726","94002","3724","53768.19","51743.28","2024.9","43957.81","42258.72","1699.1","","100","96.19","3.81","100","96.23","3.77","100","96.13","3.87"
98,"20241122","105","行政區域","非原住民鄉鎮市","60892","58390","2502","33501.15","32140.7","1360.45","27390.85","26249.3","1141.55","","100","95.89","4.11","100","95.94","4.06","100","95.83","4.17"
99,"20241122","105","統計區域","北部地區","90141","86780","3361","49595.47","47767.94","1827.53","40545.53","39012.06","1533.47","","100","96.27","3.73","100","96.32","3.68","100","96.22","3.78"
100,"20241122","105","統計區域","北部地區_山地鄉","14497","13809","688","7975.24","7601.15","374.1","6521.76","6207.85","313.9","","100","95.25","4.75","100","95.31","4.69","100","95.19","4.81"
101,"20241122","105","統計區域","北部地區_平地原住民鄉鎮市","247","239","8","135.91","131.56","4.35","111.09","107.44","3.65","","100","96.76","3.24","100","96.8","3.2","100","96.71","3.29"
102,"20241122","105","統計區域","北部地區_非原住民鄉鎮市","75397","72732","2665","41484.32","40035.24","1449.08","33912.68","32696.76","1215.92","","100","96.47","3.53","100","96.51","3.49","100","96.41","3.59"
103,"20241122","105","統計區域","中部地區","38505","37020","1486","21185","20377","808","17320.38","16642.39","678","","100","96.14","3.86","100","96.19","3.81","100","96.09","3.91"
104,"20241122","105","統計區域","中部地區_山地鄉","15202","14712","490","8364.39","8097.96","266.43","6837.36","6613.8","223.57","","100","96.78","3.22","100","96.81","3.19","100","96.73","3.27"
105,"20241122","105","統計區域","中部地區_平地原住民鄉鎮市","1490","1459","32","820.48","803.08","17.4","670.5","655.9","14.6","","100","97.92","2.15","100","97.88","2.12","100","97.82","2.18"
106,"20241122","105","統計區域","中部地區_非原住民鄉鎮市","21813","20849","964","12000.13","11475.96","524.17","9812.52","9372.69","439.83","","100","95.58","4.42","100","95.63","4.37","100","95.52","4.48"
107,"20241122","105","統計區域","南部地區","48178","45981","2197","26504.79","25310.18","1194.61","21673.21","20670.82","1002.39","","100","95.44","4.56","100","95.49","4.51","100","95.37","4.63"
108,"20241122","105","統計區域","南部地區_山地鄉","26718","25735","983","14700.3","14165.8","534.5","12017.7","11569.2","448.5","","100","96.32","3.68","100","96.36","3.64","100","96.27","3.73"
109,"20241122","105","統計區域","南部地區_平地原住民鄉鎮市","1178","1148","30","648.23","631.92","16.31","529.77","516.08","13.69","","100","97.45","2.55","100","97.48","2.52","100","97.42","2.58"
110,"20241122","105","統計區域","南部地區_非原住民鄉鎮市","20282","19098","1184","11156.26","10512.47","643.79","9125.74","8585.53","540.21","","100","94.16","5.84","100","94.23","5.77","100","94.08","5.92"
111,"20241122","105","統計區域","東部地區","81288","78125","3163","44723.67","43003.81","1719.86","36564.33","35121.19","1443.14","","100","96.11","3.89","100","96.15","3.85","100","96.05","3.95"
112,"20241122","105","統計區域","東部地區_山地鄉","20204","19276","928","11115.05","10610.45","504.59","9088.95","8665.55","423.41","","100","95.41","4.59","100","95.46","4.54","100","95.34","4.66"
113,"20241122","105","統計區域","東部地區_平地原住民鄉鎮市","60982","58750","2232","33552.5","32338.86","1213.64","27429.5","26411.14","1018.36","","100","96.34","3.66","100","96.38","3.62","100","96.29","3.71"
114,"20241122","105","統計區域","東部地區_非原住民鄉鎮市","102","99","3","56.13","54.49","1.63","45.87","44.51","1.37","","100","97.06","2.94","100","97.09","2.91","100","97.02","2.98"
115,"20241122","105","縣市","新北市","27809","26730","1079","15300.2","14713.5","586.7","12508.8","12016.5","492.3","","100","96.12","3.88","100","96.17","3.83","100","96.06","3.94"
116,"20241122","105","縣市","臺北市","7724","7471","253","4249.97","4112.4","137.57","3474.03","3358.6","115.43","","100","96.72","3.28","100","96.76","3.24","100","96.68","3.32"
117,"20241122","105","縣市","桃園市","32161","30977","1184","17695.04","17051.25","643.79","14465.96","13925.75","540.21","","100","96.32","3.68","100","96.36","3.64","100","96.27","3.73"
118,"20241122","105","縣市","臺中市","16027","15307","720","8817.22","8425.72","391.5","7209.78","6881.28","328.5","","100","95.51","4.49","100","95.56","4.44","100","95.44","4.56"
119,"20241122","105","縣市","臺南市","3530","3276","254","1941.38","1803.27","138.11","1588.62","1472.73","115.89","","100","92.8","7.2","100","92.89","7.11","100","92.71","7.29"
120,"20241122","105","縣市","高雄市","14232","13456","776","7828.78","7406.84","421.95","6403.22","6049.16","354.05","","100","94.55","5.45","100","94.61","5.39","100","94.47","5.53"
121,"20241122","105","縣市","宜蘭縣","5937.92","5640.67","297.25","3266.53","3104.9","161.63","2671.39","2535.77","135.62","","100","94.99","5.01","100","95.05","4.95","100","94.92","5.08"
122,"20241122","105","縣市","新竹縣","8883.3","8558.12","325.18","4887.62","4710.8","176.81","3995.68","3847.31","148.36","","100","96.34","3.66","100","96.38","3.62","100","96.29","3.71"
123,"20241122","105","縣市","苗栗縣","4446.25","4404.36","41.89","2447.15","2424.37","22.78","1999.1","1979.99","19.11","","100","99.06","0.94","100","99.07","0.93","100","99.04","0.96"
124,"20241122","105","縣市","彰化縣","3650.7","3522.03","128.68","2008.66","1938.69","69.97","1642.04","1583.33","58.71","","100","96.48","3.52","100","96.52","3.48","100","96.42","3.58"
125,"20241122","105","縣市","南投縣","13329.28","12822.56","506.72","7333.69","7058.16","275.53","5995.59","5764.4","231.19","","100","96.2","3.8","100","96.24","3.76","100","96.14","3.86"
126,"20241122","105","縣市","雲林縣","1056.78","969","87.78","581.11","533.39","47.73","475.66","435.62","40.05","","100","91.69","8.31","100","91.79","8.21","100","91.58","8.42"
127,"20241122","105","縣市","嘉義縣","2445.94","2389.09","56.86","1345.99","1315.07","30.92","1099.96","1074.02","25.94","","100","97.68","2.32","100","97.7","2.3","100","97.64","2.36"
128,"20241122","105","縣市","屏東縣","26742.41","25735.95","1006.46","14713.58","14166.32","547.26","12028.83","11569.63","459.2","","100","96.24","3.76","100","96.28","3.72","100","96.18","3.82"
129,"20241122","105","縣市","臺東縣","33444.93","32369.64","1075.29","18402.51","17817.83","584.68","15042.42","14551.81","490.6","","100","96.78","3.22","100","96.82","3.18","100","96.74","3.26"
130,"20241122","105","縣市","花蓮縣","47838.52","45749.79","2088.73","26318.65","25182.92","1135.73","21519.87","20566.88","952.99","","100","95.63","4.37","100","95.68","4.32","100","95.57","4.43"
131,"20241122","105","縣市","澎湖縣","327.81","281.93","45.88","180.14","155.19","24.95","147.68","126.74","20.93","","100","86","14","100","86.15","13.85","100","85.82","14.18"
132,"20241122","105","縣市","基隆市","5027.04","4878.42","148.62","2766.13","2685.32","80.81","2260.91","2193.1","67.81","","100","97.04","2.96","100","97.08","2.92","100","97","3"
133,"20241122","105","縣市","新竹市","2598.65","2524.83","73.81","1429.93","1389.79","40.14","1168.72","1135.04","33.68","","100","97.16","2.84","100","97.19","2.81","100","97.12","2.88"
134,"20241122","105","縣市","嘉義市","899.46","841.61","57.85","494.72","463.26","31.46","404.74","378.35","26.4","","100","93.57","6.43","100","93.64","6.36","100","93.48","6.52"
135,"20241122","106","總計","-","259079.87","248676.46","10403.41","138169.39","132297.18","5872.22","120910.48","116379.28","4531.2","30198.64","100","95.98","4.02","100","95.75","4.25","100","96.25","3.75"
136,"20241122","106","行政區域","台灣省","155815.71","149723.04","6092.67","87045.76","83280.24","3765.52","68769.95","66442.8","2327.15","18161.72","100","96.09","3.91","100","95.67","4.33","100","96.62","3.38"
137,"20241122","106","行政區域","山地原住民地區","64749.61","62018.63","2730.97","37881.69","36120.12","1761.57","26867.92","25898.51","969.41","7546.52","100","95.78","4.22","100","95.35","4.65","100","96.39","3.61"
138,"20241122","106","行政區域","平地原住民地區","60946.84","58958.91","1987.93","35716.34","34266.12","1450.22","25230.5","24692.79","537.71","7103.68","100","96.74","3.26","100","95.94","4.06","100","97.87","2.13"
139,"20241122","106","行政區域","非原住民地區","30119.26","28745.5","1373.76","13447.73","12894","553.73","16671.53","15851.5","820.02","3511.52","100","95.44","4.56","100","95.88","4.12","100","95.08","4.92"
140,"20241122","106","行政區域","新北市","27138.07","26097.68","1040.39","13493.12","12927.79","565.33","13644.95","13169.9","475.06","3163.07","100","96.17","3.83","100","95.81","4.19","100","96.52","3.48"
141,"20241122","106","行政區域","臺北市","7804.88","7550.55","254.33","3464.66","3344.36","120.31","4340.21","4206.19","134.02","909.82","100","96.74","3.26","100","96.53","3.47","100","96.91","3.09"
142,"20241122","106","行政區域","桃園市","33899.44","32360.88","1538.57","17789.88","17053.77","736.1","16109.57","15307.1","802.46","3951.84","100","95.46","4.54","100","95.86","4.14","100","95.02","4.98"
143,"20241122","106","行政區域","臺中市","15390.57","14770.51","620.06","7517.02","7232.31","284.72","7873.55","7538.2","335.34","1794.31","100","95.97","4.03","100","96.21","3.79","100","95.74","4.26"
144,"20241122","106","行政區域","臺南市","3372.85","3224.84","148.01","1422.39","1359.93","62.46","1950.46","1864.91","85.55","393.32","100","95.61","4.39","100","95.61","4.39","100","95.61","4.39"
145,"20241122","106","行政區域","高雄市","15658.35","14948.96","709.39","7436.57","7098.79","337.78","8221.79","7850.17","371.61","1824.57","100","95.47","4.53","100","95.46","4.54","100","95.48","4.52"
146,"20241122","106","統計區域","北部地區","91709.88","87924.13","3785.74","47360.57","45456.11","1904.46","44349.31","42468.02","1881.29","10690.31","100","95.87","4.13","100","95.98","4.02","100","95.76","4.24"
147,"20241122","106","統計區域","北部地區_山地原住民地區","13624.99","13210.54","414.44","20204.71","19329.42","875.29","19801.69","18922.88","878.8","1588.07","100","96.96","3.04","100","95.67","4.33","100","95.56","4.44"
148,"20241122","106","統計區域","北部地區_平地原住民地區","208.56","193.93","14.64","25212.66","24074.54","1138.12","24648.45","23608.44","1040.01","24.27","100","92.98","7.02","100","95.49","4.51","100","95.78","4.22"
149,"20241122","106","統計區域","北部地區_非原住民地區","77876.32","74519.66","3356.66","45391.46","43437.1","1954.36","32111.03","31379.94","731.09","9077.96","100","95.69","4.31","100","95.69","4.31","100","97.72","2.28"
150,"20241122","106","統計區域","中部地區","40006.39","38252.3","1754.09","8875.51","8609.85","265.65","4749.48","4600.69","148.79","4663.99","100","95.62","4.38","100","97.01","2.99","100","96.87","3.13"
151,"20241122","106","統計區域","中部地區_山地原住民地區","15999.64","15216.34","783.29","159.61","144.97","14.64","48.96","48.96","0","1864.94","100","95.1","4.9","100","90.83","9.17","100","100","0"
152,"20241122","106","統計區域","中部地區_平地原住民地區","1348.06","1239.21","108.86","38325.45","36701.29","1624.16","39550.87","37818.37","1732.5","157.05","100","91.92","8.08","100","95.76","4.24","100","95.62","4.38"
153,"20241122","106","統計區域","中部地區_非原住民地區","22658.69","21796.76","861.94","9135.12","8606.85","528.26","6864.52","6609.49","255.03","2642","100","96.2","3.8","100","94.22","5.78","100","96.28","3.72"
154,"20241122","106","統計區域","南部地區","49861.11","47682.98","2178.13","820.97","776.59","44.38","527.1","462.61","64.48","5811.13","100","95.63","4.37","100","94.59","5.41","100","87.77","12.23"
155,"20241122","106","統計區域","南部地區_山地原住民地區","26334.17","25291.96","1042.21","10248.62","9945.97","302.65","12410.07","11850.78","559.29","3069.21","100","96.04","3.96","100","97.05","2.95","100","95.49","4.51"
156,"20241122","106","統計區域","南部地區_平地原住民地區","1059.08","1022.05","37.03","14836.3","14249.65","586.64","11497.87","11042.31","455.57","123.33","100","96.5","3.5","100","96.05","3.95","100","96.04","3.96"
157,"20241122","106","統計區域","南部地區_非原住民地區","22467.86","21368.97","1098.89","577.56","554.16","23.41","481.52","467.89","13.63","2618.58","100","95.11","4.89","100","95.95","4.05","100","97.17","2.83"
158,"20241122","106","統計區域","東部地區","77502.5","74817.04","2685.45","9798.8","9270.73","528.07","12669.06","12098.24","570.82","9033.23","100","96.54","3.46","100","94.61","5.39","100","95.49","4.51"
159,"20241122","106","統計區域","東部地區_山地原住民地區","19071.2","18213.15","858.05","11205.95","10619.39","586.56","7865.25","7593.76","271.49","2222.59","100","95.5","4.5","100","94.77","5.23","100","96.55","3.45"
160,"20241122","106","統計區域","東部地區_平地原住民地區","58331.13","56503.72","1827.41","34158.2","32790.4","1367.8","24172.93","23713.32","459.61","6799.03","100","96.87","3.13","100","96","4","100","98.1","1.9"
161,"20241122","106","統計區域","東部地區_非原住民地區","0","0","0","0","0","0","0","0","0","0","0","0","0","0","0","0","0","0","0"
162,"20241122","106","縣市","新北市","27138.07","26097.68","1040.39","13493.12","12927.79","565.33","13644.95","13169.9","475.06","3163.07","100","96.17","3.83","100","95.81","4.19","100","96.52","3.48"
163,"20241122","106","縣市","臺北市","7804.88","7550.55","254.33","3464.66","3344.36","120.31","4340.21","4206.19","134.02","909.82","100","96.74","3.26","100","96.53","3.47","100","96.91","3.09"
164,"20241122","106","縣市","桃園市","33899.44","32360.88","1538.57","17789.88","17053.77","736.1","16109.57","15307.1","802.46","3951.84","100","95.46","4.54","100","95.86","4.14","100","95.02","4.98"
165,"20241122","106","縣市","臺中市","15390.57","14770.51","620.06","7517.02","7232.31","284.72","7873.55","7538.2","335.34","1794.31","100","95.97","4.03","100","96.21","3.79","100","95.74","4.26"
166,"20241122","106","縣市","臺南市","3372.85","3224.84","148.01","1422.39","1359.93","62.46","1950.46","1864.91","85.55","393.32","100","95.61","4.39","100","95.61","4.39","100","95.61","4.39"
167,"20241122","106","縣市","高雄市","15658.35","14948.96","709.39","7436.57","7098.79","337.78","8221.79","7850.17","371.61","1824.57","100","95.47","4.53","100","95.46","4.54","100","95.48","4.52"
168,"20241122","106","縣市","宜蘭縣","8064.11","7721.38","342.73","4589.86","4363.23","226.63","3474.25","3358.15","116.1","940.71","100","95.75","4.25","100","95.06","4.94","100","96.66","3.34"
169,"20241122","106","縣市","新竹縣","6153.96","7649.54","197.87","4585.69","4503.37","82.32","3261.72","3146.18","115.54","914.07","127.52","124.3","3.22","100","98.2","1.8","100","96.46","3.54"
170,"20241122","106","縣市","苗栗縣","6525.47","5925.32","600.16","3246.83","2916.53","330.3","3278.65","3008.78","269.86","759.59","100","90.8","9.2","100","89.83","10.17","100","91.77","8.23"
171,"20241122","106","縣市","彰化縣","3251.66","3128.43","123.22","1475.36","1428.03","47.33","1776.3","1700.4","75.9","379.33","100","96.21","3.79","100","96.79","3.21","100","95.73","4.27"
172,"20241122","106","縣市","南投縣","13646.09","13274.11","371.98","7448.66","7253.09","195.57","6197.43","6021.02","176.41","1591.63","100","97.27","2.73","100","97.37","2.63","100","97.15","2.85"
173,"20241122","106","縣市","雲林縣","1192.61","1153.94","38.67","516.84","499.46","17.38","675.77","654.47","21.29","139.13","100","96.76","3.24","100","96.64","3.36","100","96.85","3.15"
174,"20241122","106","縣市","嘉義縣","2455.59","2430.69","24.9","1330.8","1330.8","0","1124.79","1099.89","24.9","286.26","100","98.99","1.01","100","100","0","100","97.79","2.21"
175,"20241122","106","縣市","屏東縣","26226.58","25061.2","1165.38","14126.73","13431.77","694.96","12099.85","11629.43","470.42","3056.51","100","95.56","4.44","100","95.08","4.92","100","96.11","3.89"
176,"20241122","106","縣市","臺東縣","-81.85","-76.36","-87.14","-74.22","-73.59","-88.82","-79.75","-79.45","-85.6","-76.87","199.77","93.3","106.47","218.81","99.15","119.66","206.95","99.62","107.33"
177,"20241122","106","縣市","花蓮縣","40426.83","39355.85","1070.98","23925.27","23145.63","779.64","16501.56","16210.22","291.34","4711.94","100","97.35","2.65","100","96.74","3.26","100","98.23","1.77"
178,"20241122","106","縣市","澎湖縣","1038.16","939.52","98.64","409.19","392.25","16.93","628.97","547.26","81.71","120.94","100","90.5","9.5","100","95.86","4.14","100","87.01","12.99"
179,"20241122","106","縣市","基隆市","4701.88","4454.34","247.53","2497.19","2406.13","91.06","2204.68","2048.21","156.47","548.51","100","94.74","5.26","100","96.35","3.65","100","92.9","7.1"
180,"20241122","106","縣市","新竹市","2254.08","2089.76","164.32","940.16","857.47","82.7","1313.92","1232.29","81.63","262.29","100","92.72","7.28","100","91.2","8.8","100","93.79","6.21"
181,"20241122","106","縣市","嘉義市","1109.58","1077.78","31.8","486.99","461.01","25.98","622.59","616.77","5.82","129.52","100","97.13","2.87","100","94.66","5.34","100","99.07","0.93"
182,"20241122","108","總計","-","270096.75","259407.25","10689.5","141715.25","135894.75","5820.5","128381.5","123512.5","4869","29399.95","100","96.04","3.96","100","95.89","4.11","100","96.21","3.79"
183,"20241122","108","行政區域","台灣省","160195.75","154045.5","6150.25","87081.75","83424.5","3657.25","73114","70621","2493","17438.35","100","96.16","3.84","100","95.8","4.2","100","96.59","3.41"
184,"20241122","108","行政區域","山地原住民族地區","67723.5","65179.75","2543.75","38603.25","37016","1587.25","29120.25","28163.75","956.5","7371.9","100","96.24","3.76","100","95.89","4.11","100","96.72","3.28"
185,"20241122","108","行政區域","平地原住民族地區","63089.25","60672","2417.25","35615.5","34123.5","1492","27473.75","26548.5","925.25","6868.91","100","96.17","3.83","100","95.81","4.19","100","96.63","3.37"
186,"20241122","108","行政區域","非原住民族地區","29383","28193.75","1189.25","12863","12285","578","16520","15908.75","611.25","3197.55","100","95.95","4.05","100","95.51","4.49","100","96.3","3.7"
187,"20241122","108","行政區域","新北市","28734.75","27652.75","1082","14339","13706.5","632.5","14395.75","13946.25","449.5","3127.16","100","96.23","3.77","100","95.59","4.41","100","96.88","3.12"
188,"20241122","108","行政區域","臺北市","8479.5","8147.5","332","3747.75","3530.25","217.5","4731.75","4617.25","114.5","923.01","100","96.08","3.92","100","94.2","5.8","100","97.58","2.42"
189,"20241122","108","行政區域","桃園市","35665.5","34228.75","1436.75","18938.75","18321.75","617","16726.75","15907","819.75","3883.42","100","95.97","4.03","100","96.74","3.26","100","95.1","4.9"
190,"20241122","108","行政區域","臺中市","16627.25","15932.5","694.75","8177.25","7856.5","320.75","8450","8076","374","1808.7","100","95.82","4.18","100","96.08","3.92","100","95.57","4.43"
191,"20241122","108","行政區域","臺南市","3873.5","3718","155.5","1666","1569.75","96.25","2207.5","2148.25","59.25","421.5","100","95.99","4.01","100","94.22","5.78","100","97.32","2.68"
192,"20241122","108","行政區域","高雄市","16520.5","15682.25","838.25","7764.75","7485.5","279.25","8755.75","8196.75","559","1797.82","100","94.93","5.07","100","96.4","3.6","100","93.62","6.38"
193,"20241122","108","統計區域","北部地區","97443","93711.75","3731.25","49943.75","47950.25","1993.5","47499.25","45761.5","1737.75","10607.13","100","96.17","3.83","100","96.01","3.99","100","96.34","3.66"
194,"20241122","108","統計區域","北部地區_山地原住民族地區","15521.25","14965.25","556","9633.75","9273","360.75","5887.5","5692.25","195.25","1690.79","100","96.42","3.58","100","96.26","3.74","100","96.68","3.32"
195,"20241122","108","統計區域","北部地區_平地原住民族地區","301.5","294.75","6.75","144","139.25","4.75","157.5","155.5","2","32.81","100","97.76","2.24","100","96.7","3.3","100","98.73","1.27"
196,"20241122","108","統計區域","北部地區_非原住民族地區","81620.25","78451.75","3168.5","40166","38538","1628","41454.25","39913.75","1540.5","8883.54","100","96.12","3.88","100","95.95","4.05","100","96.28","3.72"
197,"20241122","108","統計區域","中部地區","39882","38204.5","1677.5","20250.75","19439.75","811","19631.25","18764.75","866.5","4339.58","100","95.79","4.21","100","96","4","100","95.59","4.41"
198,"20241122","108","統計區域","中部地區_山地原住民族地區","14970","14439","531","8802","8522.5","279.5","6168","5916.5","251.5","1629.75","100","96.45","3.55","100","96.82","3.18","100","95.92","4.08"
199,"20241122","108","統計區域","中部地區_平地原住民族地區","1480.25","1421.25","59","920.25","888.75","31.5","560","532.5","27.5","161.19","100","96.01","3.99","100","96.58","3.42","100","95.09","4.91"
200,"20241122","108","統計區域","中部地區_非原住民族地區","23431.75","22344.25","1087.5","10528.5","10028.5","500","12903.25","12315.75","587.5","2548.64","100","95.36","4.64","100","95.25","4.75","100","95.45","4.55"
201,"20241122","108","統計區域","南部地區","53213.5","51158.5","2055","26775.25","25790.75","984.5","26438.25","25367.75","1070.5","5790.91","100","96.14","3.86","100","96.32","3.68","100","95.95","4.05"
202,"20241122","108","統計區域","南部地區_山地原住民族地區","28978.75","28147.75","831","15986.75","15525.5","461.25","12992","12622.25","369.75","3153.39","100","97.13","2.87","100","97.11","2.89","100","97.15","2.85"
203,"20241122","108","統計區域","南部地區_平地原住民族地區","1151.5","1103","48.5","701.75","658.25","43.5","449.75","444.75","5","125.22","100","95.79","4.21","100","93.8","6.2","100","98.89","1.11"
204,"20241122","108","統計區域","南部地區_非原住民族地區","23083.25","21907.75","1175.5","10086.75","9607","479.75","12996.5","12300.75","695.75","2512.3","100","94.91","5.09","100","95.24","4.76","100","94.65","5.35"
205,"20241122","108","統計區域","東部地區","79558.25","76332.5","3225.75","44745.5","42714","2031.5","34812.75","33618.5","1194.25","8662.33","100","95.95","4.05","100","95.46","4.54","100","96.57","3.43"
206,"20241122","108","統計區域","東部地區_山地原住民族地區","19303.25","18380.5","922.75","10844.25","10225","619.25","8459","8155.5","303.5","2101.83","100","95.22","4.78","100","94.29","5.71","100","96.41","3.59"
207,"20241122","108","統計區域","東部地區_平地原住民族地區","60156","57853","2303","33849.5","32437.25","1412.25","26306.5","25415.75","890.75","6549.69","100","96.17","3.83","100","95.83","4.17","100","96.61","3.39"
208,"20241122","108","統計區域","東部地區_非原住民族地區","99","99","0","51.75","51.75","0","47.25","47.25","0","10.82","100","100","0","100","100","0","100","100","0"
209,"20241122","108","縣市","新北市","28734.75","27652.75","1082","14339","13706.5","632.5","14395.75","13946.25","449.5","3127.16","100","96.23","3.77","100","95.59","4.41","100","96.88","3.12"
210,"20241122","108","縣市","臺北市","8479.5","8147.5","332","3747.75","3530.25","217.5","4731.75","4617.25","114.5","923.01","100","96.08","3.92","100","94.2","5.8","100","97.58","2.42"
211,"20241122","108","縣市","桃園市","35665.5","34228.75","1436.75","18938.75","18321.75","617","16726.75","15907","819.75","3883.42","100","95.97","4.03","100","96.74","3.26","100","95.1","4.9"
212,"20241122","108","縣市","臺中市","16627.25","15932.5","694.75","8177.25","7856.5","320.75","8450","8076","374","1808.7","100","95.82","4.18","100","96.08","3.92","100","95.57","4.43"
213,"20241122","108","縣市","臺南市","3873.5","3718","155.5","1666","1569.75","96.25","2207.5","2148.25","59.25","421.5","100","95.99","4.01","100","94.22","5.78","100","97.32","2.68"
214,"20241122","108","縣市","高雄市","16520.5","15682.25","838.25","7764.75","7485.5","279.25","8755.75","8196.75","559","1797.82","100","94.93","5.07","100","96.4","3.6","100","93.62","6.38"
215,"20241122","108","縣市","宜蘭縣","7727.75","7549","178.75","4303.25","4205","98.25","3424.5","3344","80.5","841.24","100","97.69","2.31","100","97.72","2.28","100","97.65","2.35"
216,"20241122","108","縣市","新竹縣","9575","9155","420","5036.75","4791.75","245","4538.25","4363.25","175","1042.41","100","95.61","4.39","100","95.14","4.86","100","96.14","3.86"
217,"20241122","108","縣市","苗栗縣","5255.75","5111.5","144.25","2682.5","2617","65.5","2573.25","2494.5","78.75","572.83","100","97.26","2.74","100","97.56","2.44","100","96.94","3.06"
218,"20241122","108","縣市","彰化縣","2836.75","2672.5","164.25","1209.25","1129.5","79.75","1627.5","1543","84.5","308.71","100","94.21","5.79","100","93.41","6.59","100","94.81","5.19"
219,"20241122","108","縣市","南投縣","13942.5","13314.75","627.75","7746.5","7419.5","327","6196","5895.25","300.75","1516.57","100","95.5","4.5","100","95.78","4.22","100","95.15","4.85"
220,"20241122","108","縣市","雲林縣","1219.75","1173.25","46.5","435.25","417.25","18","784.5","756","28.5","132.77","100","96.19","3.81","100","95.86","4.14","100","96.37","3.63"
221,"20241122","108","縣市","嘉義縣","3207.5","3072.25","135.25","1486","1460.75","25.25","1721.5","1611.5","110","349.08","100","95.78","4.22","100","98.3","1.7","100","93.61","6.39"
222,"20241122","108","縣市","屏東縣","28811.25","27958","853.25","15491.25","14948","543.25","13320","13010","310","3135.41","100","97.04","2.96","100","96.49","3.51","100","97.67","2.33"
223,"20241122","108","縣市","臺東縣","37206.25","35470","1736.25","21123.25","20034","1089.25","16083","15436","647","4050.42","100","95.33","4.67","100","94.84","5.16","100","95.98","4.02"
224,"20241122","108","縣市","花蓮縣","42352","40862.5","1489.5","23622.25","22680","942.25","18729.75","18182.5","547.25","4611.91","100","96.48","3.52","100","96.01","3.99","100","97.08","2.92"
225,"20241122","108","縣市","澎湖縣","271.5","263.75","7.75","127.5","125","2.5","144","138.75","5.25","29.62","100","97.15","2.85","100","98.04","1.96","100","96.35","3.65"
226,"20241122","108","縣市","基隆市","5217.25","4999.75","217.5","2685.5","2566.5","119","2531.75","2433.25","98.5","567.42","100","95.83","4.17","100","95.57","4.43","100","96.11","3.89"
227,"20241122","108","縣市","新竹市","2043.25","1979","64.25","892.75","828.5","64.25","1150.5","1150.5","0","222.48","100","96.86","3.14","100","92.8","7.2","100","100","0"
228,"20241122","108","縣市","嘉義市","529.25","464.25","65","239.75","201.75","38","289.5","262.5","27","57.48","100","87.72","12.28","100","84.15","15.85","100","90.67","9.33"
229,"20241122","109","總計","-","274232","263319","10913","142077.25","136210.25","5867","132154.75","127108.75","5046","29321.52","100","96.02","3.98","100","95.87","4.13","100","96.18","3.82"
230,"20241122","109","行政區域","台灣省","161100.75","155068","6032.75","86569.25","83178.75","3390.5","74531.5","71889.25","2642.25","17225.79","100","96.26","3.74","100","96.08","3.92","100","96.45","3.55"
231,"20241122","109","行政區域","山地原住民族地區","67199.25","65026.5","2172.75","38064.75","36718.25","1346.5","29134.5","28308.25","826.25","7184.95","100","96.77","3.23","100","96.46","3.54","100","97.16","2.84"
232,"20241122","109","行政區域","平地原住民族地區","62990.25","60614.25","2376","34785.25","33415.5","1369.75","28205","27198.75","1006.25","6735.31","100","96.23","3.77","100","96.06","3.94","100","96.43","3.57"
233,"20241122","109","行政區域","非原住民族地區","30911.25","29427.25","1484","13719.25","13045","674.25","17192","16382.25","809.75","3305.53","100","95.2","4.8","100","95.09","4.91","100","95.29","4.71"
234,"20241122","109","行政區域","新北市","29719.75","28560.75","1159","14577.75","13997.75","580","15142","14563","579","3177.4","100","96.1","3.9","100","96.02","3.98","100","96.18","3.82"
235,"20241122","109","行政區域","臺北市","8704.75","8367","337.75","3771.75","3619.75","152","4933","4747.25","185.75","930.75","100","96.12","3.88","100","95.97","4.03","100","96.23","3.77"
236,"20241122","109","行政區域","桃園市","36807.75","35186.5","1621.25","18883","18111.25","771.75","17924.75","17075.25","849.5","3935.47","100","95.6","4.4","100","95.91","4.09","100","95.26","4.74"
237,"20241122","109","行政區域","臺中市","17798","17003.75","794.25","8760.75","8301","459.75","9037.25","8702.75","334.5","1902.85","100","95.54","4.46","100","94.75","5.25","100","96.3","3.7"
238,"20241122","109","行政區域","臺南市","3986","3833","153","1654.75","1579.75","75","2331.25","2253.25","78","426.14","100","96.16","3.84","100","95.47","4.53","100","96.65","3.35"
239,"20241122","109","行政區域","高雄市","16115","15300","815","7860","7422","438","8255","7878","377","1723.12","100","94.94","5.06","100","94.43","5.57","100","95.43","4.57"
240,"20241122","109","統計區域","北部地區","99843.75","95568","4275.75","50401.5","48260","2141.5","49442.25","47308","2134.25","10675.23","100","95.72","4.28","100","95.75","4.25","100","95.68","4.32"
241,"20241122","109","統計區域","北部地區_山地原住民族地區","14923","14333","590","9313.75","8937.5","376.25","5609.25","5395.5","213.75","1595.46","100","96.05","3.95","100","95.96","4.04","100","96.19","3.81"
242,"20241122","109","統計區域","北部地區_平地原住民族地區","315","313.5","1.5","148.75","148.75","0","166.25","164.75","1.5","33.63","100","99.52","0.48","100","100","0","100","99.1","0.9"
243,"20241122","109","統計區域","北部地區_非原住民族地區","84605.75","80921.5","3684.25","40939","39173.75","1765.25","43666.75","41747.75","1919","9046.13","100","95.65","4.35","100","95.69","4.31","100","95.61","4.39"
244,"20241122","109","統計區域","中部地區","41820.75","40202.25","1618.5","21054.25","20196","858.25","20766.5","20006.25","760.25","4471.29","100","96.13","3.87","100","95.92","4.08","100","96.34","3.66"
245,"20241122","109","統計區域","中部地區_山地原住民族地區","14891.25","14508.25","383","8521.25","8289.25","232","6370","6219","151","1591.96","100","97.43","2.57","100","97.28","2.72","100","97.63","2.37"
246,"20241122","109","統計區域","中部地區_平地原住民族地區","1634","1596.75","37.25","1044","1025.25","18.75","590","571.5","18.5","174.69","100","97.72","2.28","100","98.2","1.8","100","96.86","3.14"
247,"20241122","109","統計區域","中部地區_非原住民族地區","25295.5","24097.25","1198.25","11489","10881.5","607.5","13806.5","13215.75","590.75","2704.64","100","95.26","4.74","100","94.71","5.29","100","95.72","4.28"
248,"20241122","109","統計區域","南部地區","52601.25","50662.5","1938.75","26465.75","25461.75","1004","26135.5","25200.75","934.75","5624.34","100","96.31","3.69","100","96.21","3.79","100","96.42","3.58"
249,"20241122","109","統計區域","南部地區_山地原住民族地區","27887","27163.25","723.75","15143","14742.25","400.75","12744","12421","323","2981.74","100","97.4","2.6","100","97.35","2.65","100","97.47","2.53"
250,"20241122","109","統計區域","南部地區_平地原住民族地區","1212.75","1165.75","47","758.25","725.75","32.5","454.5","440","14.5","129.63","100","96.12","3.88","100","95.71","4.29","100","96.81","3.19"
251,"20241122","109","統計區域","南部地區_非原住民族地區","23501.5","22333.5","1168","10564.5","9993.75","570.75","12937","12339.75","597.25","2512.98","100","95.03","4.97","100","94.6","5.4","100","95.38","4.62"
252,"20241122","109","統計區域","東部地區","79966.25","76886.25","3080","44155.75","42292.5","1863.25","35810.5","34593.75","1216.75","8550.65","100","96.15","3.85","100","95.78","4.22","100","96.6","3.4"
253,"20241122","109","統計區域","東部地區_山地原住民族地區","20042","19261.25","780.75","11276.75","10739","537.75","8765.25","8522.25","243","2143.07","100","96.1","3.9","100","95.23","4.77","100","97.23","2.77"
254,"20241122","109","統計區域","東部地區_平地原住民族地區","59828.5","57538.25","2290.25","32834.25","31515.75","1318.5","26994.25","26022.5","971.75","6397.36","100","96.17","3.83","100","95.98","4.02","100","96.4","3.6"
255,"20241122","109","統計區域","東部地區_非原住民族地區","0","0","0","0","0","0","0","0","0","0","0","0","0","0","0","0","0","0","0"
256,"20241122","109","縣市","新北市","29719.75","28560.75","1159","14577.75","13997.75","580","15142","14563","579","3177.4","100","96.1","3.9","100","96.02","3.98","100","96.18","3.82"
257,"20241122","109","縣市","臺北市","8704.75","8367","337.75","3771.75","3619.75","152","4933","4747.25","185.75","930.75","100","96.12","3.88","100","95.97","4.03","100","96.23","3.77"
258,"20241122","109","縣市","桃園市","36807.75","35186.5","1621.25","18883","18111.25","771.75","17924.75","17075.25","849.5","3935.47","100","95.6","4.4","100","95.91","4.09","100","95.26","4.74"
259,"20241122","109","縣市","臺中市","17798","17003.75","794.25","8760.75","8301","459.75","9037.25","8702.75","334.5","1902.85","100","95.54","4.46","100","94.75","5.25","100","96.3","3.7"
260,"20241122","109","縣市","臺南市","3986","3833","153","1654.75","1579.75","75","2331.25","2253.25","78","426.14","100","96.16","3.84","100","95.47","4.53","100","96.65","3.35"
261,"20241122","109","縣市","高雄市","16115","15300","815","7860","7422","438","8255","7878","377","1723.12","100","94.94","5.06","100","94.43","5.57","100","95.43","4.57"
262,"20241122","109","縣市","宜蘭縣","7422.5","7126","296.5","4191.75","4031.5","160.25","3230.75","3094.5","136.25","793.67","100","96.01","3.99","100","96.18","3.82","100","95.78","4.22"
263,"20241122","109","縣市","新竹縣","9756.25","9307","449.25","5263","4970.25","292.75","4493.25","4336.75","156.5","1043.03","100","95.4","4.6","100","94.44","5.56","100","96.52","3.48"
264,"20241122","109","縣市","苗栗縣","5219.25","4980.5","238.75","2818.25","2692","126.25","2401","2288.5","112.5","558.05","100","95.43","4.57","100","95.52","4.48","100","95.31","4.69"
265,"20241122","109","縣市","彰化縣","3225.5","3035.5","190","1373.75","1308.75","65","1851.75","1726.75","125","344.78","100","94.11","5.89","100","95.27","4.73","100","93.25","6.75"
266,"20241122","109","縣市","南投縣","14286","13976.25","309.75","7650.5","7483","167.5","6635.5","6493.25","142.25","1527.55","100","97.83","2.17","100","97.81","2.19","100","97.86","2.14"
267,"20241122","109","縣市","雲林縣","1292","1206.25","85.75","451","411.25","39.75","841","795","46","138.06","100","93.36","6.64","100","91.19","8.81","100","94.53","5.47"
268,"20241122","109","縣市","嘉義縣","3161.75","3076.75","85","1617","1587.25","29.75","1544.75","1489.5","55.25","338.02","100","97.31","2.69","100","98.16","1.84","100","96.42","3.58"
269,"20241122","109","縣市","屏東縣","28435.25","27605.75","829.5","14911","14466.25","444.75","13524.25","13139.5","384.75","3040.55","100","97.08","2.92","100","97.02","2.98","100","97.16","2.84"
270,"20241122","109","縣市","臺東縣","37654.75","36239","1415.75","20631.75","19687.5","944.25","17023","16551.5","471.5","4026.28","100","96.24","3.76","100","95.42","4.58","100","97.23","2.77"
271,"20241122","109","縣市","花蓮縣","42311.5","40647.25","1664.25","23524","22605","919","18787.5","18042.25","745.25","4524.37","100","96.07","3.93","100","96.09","3.91","100","96.03","3.97"
272,"20241122","109","縣市","澎湖縣","286.5","277.5","9","147.25","142.25","5","139.25","135.25","4","30.61","100","96.86","3.14","100","96.6","3.4","100","97.13","2.87"
273,"20241122","109","縣市","基隆市","5255.5","4959","296.5","2805","2642.25","162.75","2450.5","2316.75","133.75","562.09","100","94.36","5.64","100","94.2","5.8","100","94.54","5.46"
274,"20241122","109","縣市","新竹市","2177.25","2061.75","115.5","909.25","887.25","22","1268","1174.5","93.5","232.82","100","94.7","5.3","100","97.58","2.42","100","92.63","7.37"
275,"20241122","109","縣市","嘉義市","616.75","569.5","47.25","275.75","264.25","11.5","341","305.25","35.75","65.91","100","92.34","7.66","100","95.83","4.17","100","89.52","10.48"
276,"20241122","110","總計","-","278112.67","267033.33","11079.33","143788.67","137901.67","5887","134324","129131.67","5192.33","21949.32","100","96.02","3.98","100","95.91","4.09","100","96.13","3.87"
277,"20241122","110","行政區域","台灣省","162622","156395.33","6226.67","86477.67","83173.33","3304.33","76144.33","73222","2922.33","12836.66","100","96.17","3.83","100","96.18","3.82","100","96.16","3.84"
278,"20241122","110","行政區域","山地原住民族地區","68547","65937.67","2609.33","38851","37353.67","1497.33","29696","28584","1112","5410.94","100","96.19","3.81","100","96.15","3.85","100","96.26","3.74"
279,"20241122","110","行政區域","平地原住民族地區","62611","60238.67","2372.33","34050.67","32776","1274.67","28560.33","27462.67","1097.67","4941.78","100","96.21","3.79","100","96.26","3.74","100","96.16","3.84"
280,"20241122","110","行政區域","非原住民族地區","31464","30219","1245","13576","13043.67","532.33","17888","17175.33","712.67","2483.95","100","96.04","3.96","100","96.08","3.92","100","96.02","3.98"
281,"20241122","110","行政區域","新北市","30445.33","29284.67","1160.67","15232.33","14571","661.33","15213","14713.67","499.33","2402.1","100","96.19","3.81","100","95.66","4.34","100","96.72","3.28"
282,"20241122","110","行政區域","臺北市","8578.33","8213.67","364.67","3613","3483.67","129.33","4965.33","4730","235.33","677","100","95.75","4.25","100","96.42","3.58","100","95.26","4.74"
283,"20241122","110","行政區域","桃園市","38100.33","36496.33","1604","19885.33","18885","1000.33","18215","17611.33","603.67","3006.1","100","95.79","4.21","100","94.97","5.03","100","96.69","3.31"
284,"20241122","110","行政區域","臺中市","17680.33","16899.67","780.67","8479","8131","348","9201.33","8768.67","432.67","1395.14","100","95.58","4.42","100","95.9","4.1","100","95.3","4.7"
285,"20241122","110","行政區域","臺南市","4164","4001.33","162.67","1693","1614.33","78.67","2471","2387","84","328.46","100","96.09","3.91","100","95.35","4.65","100","96.6","3.4"
286,"20241122","110","行政區域","高雄市","16522.33","15742.33","780","8408.33","8043.33","365","8114","7699","415","1303.86","100","95.28","4.72","100","95.66","4.34","100","94.89","5.11"
287,"20241122","110","統計區域","北部地區","102462.67","98325.67","4137","51507","49219.33","2287.67","50955.67","49106.33","1849.33","8085.41","100","95.96","4.04","100","95.56","4.44","100","96.37","3.63"
288,"20241122","110","統計區域","北部地區_山地原住民族地區","14896","14300.67","595.33","9093.67","8759","334.67","5802.33","5541.67","260.67","1175.02","100","96","4","100","96.32","3.68","100","95.51","4.49"
289,"20241122","110","統計區域","北部地區_平地原住民族地區","381.33","381.33","0","135.33","135.33","0","246","246","0","30.11","100","100","0","100","100","0","100","100","0"
290,"20241122","110","統計區域","北部地區_非原住民族地區","87185.33","83643.67","3541.67","42278","40325","1953","44907.33","43318.67","1588.67","6880.28","100","95.94","4.06","100","95.38","4.62","100","96.46","3.54"
291,"20241122","110","統計區域","中部地區","41977","40409.33","1567.67","20957.67","20218.33","739.33","21019.33","20191","828.33","3313.66","100","96.27","3.73","100","96.47","3.53","100","96.06","3.94"
292,"20241122","110","統計區域","中部地區_山地原住民族地區","14988","14515","473","8428.67","8128","300.67","6559.33","6387","172.33","1184.04","100","96.84","3.16","100","96.43","3.57","100","97.37","2.63"
293,"20241122","110","統計區域","中部地區_平地原住民族地區","1689.67","1622","67.67","922.33","897.67","24.67","767.33","724.33","43","133.3","100","96","4","100","97.33","2.67","100","94.4","5.6"
294,"20241122","110","統計區域","中部地區_非原住民族地區","25299.33","24272.33","1027","11606.67","11192.67","414","13692.67","13079.67","613","1996.32","100","95.94","4.06","100","96.43","3.57","100","95.52","4.48"
295,"20241122","110","統計區域","南部地區","53859","51785.33","2073.67","27566.33","26632.33","934","26292.67","25153","1139.67","4250.65","100","96.15","3.85","100","96.61","3.39","100","95.67","4.33"
296,"20241122","110","統計區域","南部地區_山地原住民族地區","28633.33","27742","891.33","15815.33","15372.67","442.67","12818","12369.33","448.67","2260.38","100","96.89","3.11","100","97.2","2.8","100","96.5","3.5"
297,"20241122","110","統計區域","南部地區_平地原住民族地區","1256","1213.33","42.67","781","748.67","32.33","475","464.67","10.33","99.13","100","96.6","3.4","100","95.86","4.14","100","97.82","2.18"
298,"20241122","110","統計區域","南部地區_非原住民族地區","23969.67","22830","1139.67","10970","10511","459","12999.67","12319","680.67","1891.13","100","95.25","4.75","100","95.82","4.18","100","94.76","5.24"
299,"20241122","110","統計區域","東部地區","79814","76513","3301","43757.67","41831.67","1926","36056.33","34681.33","1375","6299.6","100","95.86","4.14","100","95.6","4.4","100","96.19","3.81"
300,"20241122","110","統計區域","東部地區_山地原住民族地區","20435","19410.67","1024.33","11517","10823.33","693.67","8918","8587.33","330.67","1612.85","100","94.99","5.01","100","93.98","6.02","100","96.29","3.71"
301,"20241122","110","統計區域","東部地區_平地原住民族地區","59284","57022","2262","32212","30994.33","1217.67","27072","26027.67","1044.33","4679.23","100","96.18","3.82","100","96.22","3.78","100","96.14","3.86"
302,"20241122","110","統計區域","東部地區_非原住民族地區","0","0","0","0","0","0","0","0","0","0","0","0","0","0","0","0","0","0","0"
303,"20241122","110","縣市","新北市","30445.33","29284.67","1160.67","15232.33","14571","661.33","15213","14713.67","499.33","2402.1","100","96.19","3.81","100","95.66","4.34","100","96.72","3.28"
304,"20241122","110","縣市","臺北市","8578.33","8213.67","364.67","3613","3483.67","129.33","4965.33","4730","235.33","677","100","95.75","4.25","100","96.42","3.58","100","95.26","4.74"
305,"20241122","110","縣市","桃園市","38100.33","36496.33","1604","19885.33","18885","1000.33","18215","17611.33","603.67","3006.1","100","95.79","4.21","100","94.97","5.03","100","96.69","3.31"
306,"20241122","110","縣市","臺中市","17680.33","16899.67","780.67","8479","8131","348","9201.33","8768.67","432.67","1395.14","100","95.58","4.42","100","95.9","4.1","100","95.3","4.7"
307,"20241122","110","縣市","臺南市","4164","4001.33","162.67","1693","1614.33","78.67","2471","2387","84","328.46","100","96.09","3.91","100","95.35","4.65","100","96.6","3.4"
308,"20241122","110","縣市","高雄市","16522.33","15742.33","780","8408.33","8043.33","365","8114","7699","415","1303.86","100","95.28","4.72","100","95.66","4.34","100","94.89","5.11"
309,"20241122","110","縣市","宜蘭縣","7970","7622","348","4271","4096","175","3699","3526","173","628.71","100","95.63","4.37","100","95.9","4.1","100","95.32","4.68"
310,"20241122","110","縣市","新竹縣","10593","10255","338","5302","5125","177","5291","5130","161","836.72","100","96.81","3.19","100","96.66","3.34","100","96.96","3.04"
311,"20241122","110","縣市","苗栗縣","5637","5351.67","285.33","2943.33","2803.67","139.67","2693.67","2548","145.67","444.99","100","94.94","5.06","100","95.25","4.75","100","94.59","5.41"
312,"20241122","110","縣市","彰化縣","3084","3005.33","78.67","1339.33","1294","45.33","1744.67","1711.33","33.33","243.5","100","97.45","2.55","100","96.62","3.38","100","98.09","1.91"
313,"20241122","110","縣市","南投縣","14492.67","14133","359.67","7835.33","7639.67","195.67","6657.33","6493.33","164","1144.4","100","97.52","2.48","100","97.5","2.5","100","97.54","2.46"
314,"20241122","110","縣市","雲林縣","1083","1019.67","63.33","360.67","350","10.67","722.33","669.67","52.67","85.64","100","94.15","5.85","100","97.04","2.96","100","92.71","7.29"
315,"20241122","110","縣市","嘉義縣","3152.67","3063","89.67","1546","1515.33","30.67","1606.67","1547.67","59","249.04","100","97.16","2.84","100","98.02","1.98","100","96.33","3.67"
316,"20241122","110","縣市","屏東縣","29269","28269.33","999.67","15597.67","15145.67","452","13671.33","13123.67","547.67","2310.03","100","96.58","3.42","100","97.1","2.9","100","95.99","4.01"
317,"20241122","110","縣市","臺東縣","36998.67","35167","1831.67","20427.67","19376.33","1051.33","16571","15790.67","780.33","2920.21","100","95.05","4.95","100","94.85","5.15","100","95.29","4.71"
318,"20241122","110","縣市","花蓮縣","42815.33","41346","1469.33","23330","22455.33","874.67","19485.33","18890.67","594.67","3379.39","100","96.57","3.43","100","96.25","3.75","100","96.95","3.05"
319,"20241122","110","縣市","澎湖縣","237.33","233.33","4","116.33","116.33","0","121","117","4","18.74","100","98.31","1.69","100","100","0","100","96.69","3.31"
320,"20241122","110","縣市","基隆市","4551.67","4358.33","193.33","2274.33","2173.67","100.67","2277.33","2184.67","92.67","359.33","100","95.75","4.25","100","95.57","4.43","100","95.93","4.07"
321,"20241122","110","縣市","新竹市","2224","2095.67","128.33","929","885","44","1295","1210.67","84.33","175.46","100","94.23","5.77","100","95.26","4.74","100","93.49","6.51"
322,"20241122","110","縣市","嘉義市","513.67","476","37.67","205","197.33","7.67","308.67","278.67","30","40.51","100","92.67","7.33","100","96.26","3.74","100","90.28","9.72"
323,"20241122","111","總計","-","282596.75","271788.75","10808","146774.75","141142.75","5632","135822","130646","5176","30577.83","100","96.18","3.82","100","96.16","3.84","100","96.19","3.81"
324,"20241122","111","行政區域","台灣省","165471.25","159488.5","5982.75","88781.5","85479","3302.5","76689.75","74009.5","2680.25","17903.95","100","96.38","3.62","100","96.28","3.72","100","96.51","3.49"
325,"20241122","111","行政區域","山地原住民族地區","68835.5","66476.25","2359.25","38567.25","36995.5","1571.75","30268.25","29480.75","787.5","7448.05","100","96.57","3.43","100","95.92","4.08","100","97.4","2.6"
326,"20241122","111","行政區域","平地原住民族地區","64775","62341.75","2433.25","35747","34484","1263","29028","27857.75","1170.25","7010.67","100","96.24","3.76","100","96.47","3.53","100","95.97","4.03"
327,"20241122","111","行政區域","非原住民族地區","31860.75","30670.5","1190.25","14467.25","13999.5","467.75","17393.5","16671","722.5","3445.24","100","96.26","3.74","100","96.77","3.23","100","95.85","4.15"
328,"20241122","111","行政區域","新北市","30396.25","29095","1301.25","15120.75","14489.5","631.25","15275.5","14605.5","670","3288.92","100","95.72","4.28","100","95.83","4.17","100","95.61","4.39"
329,"20241122","111","行政區域","臺北市","8490.25","8144.75","345.5","3662.5","3497.75","164.75","4827.75","4647","180.75","919.01","100","95.93","4.07","100","95.5","4.5","100","96.26","3.74"
330,"20241122","111","行政區域","桃園市","38927","37432.75","1494.25","20412.5","19761.25","651.25","18514.5","17671.5","843","4211.86","100","96.16","3.84","100","96.81","3.19","100","95.45","4.55"
331,"20241122","111","行政區域","臺中市","17991","17205","786","8454.75","8029.25","425.5","9536.25","9175.75","360.5","1946.94","100","95.63","4.37","100","94.97","5.03","100","96.22","3.78"
332,"20241122","111","行政區域","臺南市","4141.5","3986","155.5","1758","1690.75","67.25","2383.5","2295.25","88.25","448.15","100","96.25","3.75","100","96.17","3.83","100","96.3","3.7"
333,"20241122","111","行政區域","高雄市","17179.5","16436.75","742.75","8584.75","8195.25","389.5","8594.75","8241.5","353.25","1859","100","95.68","4.32","100","95.46","4.54","100","95.89","4.11"
334,"20241122","111","統計區域","北部地區","103959.5","100001.5","3958","53185","51282.75","1902.25","50774.5","48718.75","2055.75","11247.79","100","96.19","3.81","100","96.42","3.58","100","95.95","4.05"
335,"20241122","111","統計區域","北部地區_山地原住民族地區","16157.25","15591.75","565.5","9944.5","9582.25","362.25","6212.75","6009.5","203.25","1748.29","100","96.5","3.5","100","96.36","3.64","100","96.73","3.27"
336,"20241122","111","統計區域","北部地區_平地原住民族地區","0","0","0","0","0","0","0","0","0","0","0","0","0","0","0","0","0","0","0"
337,"20241122","111","統計區域","北部地區_非原住民族地區","87500.5","84115.5","3385","43039.25","41505.25","1534","44461.25","42610.25","1851","9466.88","100","96.13","3.87","100","96.44","3.56","100","95.84","4.16"
338,"20241122","111","統計區域","中部地區","42750.75","41038","1712.75","21394.75","20502","892.75","21356","20536","820","4625.84","100","95.99","4.01","100","95.83","4.17","100","96.16","3.84"
339,"20241122","111","統計區域","中部地區_山地原住民族地區","15667.75","15138","529.75","8732.75","8374","358.75","6935","6764","171","1695.44","100","96.62","3.38","100","95.89","4.11","100","97.53","2.47"
340,"20241122","111","統計區域","中部地區_平地原住民族地區","1706.25","1581.5","124.75","1068.25","993.5","74.75","638","588","50","184.74","100","92.69","7.31","100","93","7","100","92.16","7.84"
341,"20241122","111","統計區域","中部地區_非原住民族地區","25376.75","24318.5","1058.25","11593.75","11134.5","459.25","13783","13184","599","2745.66","100","95.83","4.17","100","96.04","3.96","100","95.65","4.35"
342,"20241122","111","統計區域","南部地區","54327","52340","1987","26971.25","25874.75","1096.5","27355.75","26465.25","890.5","5878.19","100","96.34","3.66","100","95.93","4.07","100","96.74","3.26"
343,"20241122","111","統計區域","南部地區_山地原住民族地區","28390.25","27435.25","955","14957.5","14347.25","610.25","13432.75","13088","344.75","3072.35","100","96.64","3.36","100","95.92","4.08","100","97.43","2.57"
344,"20241122","111","統計區域","南部地區_平地原住民族地區","1298.25","1256.25","42","764","750.25","13.75","534.25","506","28.25","140.67","100","96.76","3.24","100","98.2","1.8","100","94.71","5.29"
345,"20241122","111","統計區域","南部地區_非原住民族地區","24638.5","23648.5","990","11249.75","10777.25","472.5","13388.75","12871.25","517.5","2665.17","100","95.98","4.02","100","95.8","4.2","100","96.13","3.87"
346,"20241122","111","統計區域","東部地區","81559.5","78409.25","3150.25","45223.75","43483.25","1740.5","36335.75","34926","1409.75","8826","100","96.14","3.86","100","96.15","3.85","100","96.12","3.88"
347,"20241122","111","統計區域","東部地區_山地原住民族地區","19942.5","19089.5","853","11443.75","10910","533.75","8498.75","8179.5","319.25","2157.27","100","95.72","4.28","100","95.34","4.66","100","96.24","3.76"
348,"20241122","111","統計區域","東部地區_平地原住民族地區","61468.75","59209.75","2259","33713.5","32545","1168.5","27755.25","26664.75","1090.5","6652.64","100","96.32","3.68","100","96.53","3.47","100","96.07","3.93"
349,"20241122","111","統計區域","東部地區_非原住民族地區","0","0","0","0","0","0","0","0","0","0","0","0","0","0","0","0","0","0","0"
350,"20241122","111","縣市","新北市","30396.25","29095","1301.25","15120.75","14489.5","631.25","15275.5","14605.5","670","3288.92","100","95.72","4.28","100","95.83","4.17","100","95.61","4.39"
351,"20241122","111","縣市","臺北市","8490.25","8144.75","345.5","3662.5","3497.75","164.75","4827.75","4647","180.75","919.01","100","95.93","4.07","100","95.5","4.5","100","96.26","3.74"
352,"20241122","111","縣市","桃園市","38927","37432.75","1494.25","20412.5","19761.25","651.25","18514.5","17671.5","843","4211.86","100","96.16","3.84","100","96.81","3.19","100","95.45","4.55"
353,"20241122","111","縣市","臺中市","17991","17205","786","8454.75","8029.25","425.5","9536.25","9175.75","360.5","1946.94","100","95.63","4.37","100","94.97","5.03","100","96.22","3.78"
354,"20241122","111","縣市","臺南市","4141.5","3986","155.5","1758","1690.75","67.25","2383.5","2295.25","88.25","448.15","100","96.25","3.75","100","96.17","3.83","100","96.3","3.7"
355,"20241122","111","縣市","高雄市","17179.5","16436.75","742.75","8584.75","8195.25","389.5","8594.75","8241.5","353.25","1859","100","95.68","4.32","100","95.46","4.54","100","95.89","4.11"
356,"20241122","111","縣市","宜蘭縣","8304.25","8055","249.25","4481.5","4363","118.5","3822.75","3692","130.75","897.37","100","97","3","100","97.36","2.64","100","96.58","3.42"
357,"20241122","111","縣市","新竹縣","10683.25","10345.75","337.5","5792.5","5556.75","235.75","4890.75","4789","101.75","1156.77","100","96.84","3.16","100","95.93","4.07","100","97.92","2.08"
358,"20241122","111","縣市","苗栗縣","5657.75","5392.25","265.5","2896.75","2748.5","148.25","2761","2643.75","117.25","611.98","100","95.31","4.69","100","94.88","5.12","100","95.75","4.25"
359,"20241122","111","縣市","彰化縣","3121.25","2986.25","135","1465.25","1424.5","40.75","1656","1561.75","94.25","337.9","100","95.67","4.33","100","97.22","2.78","100","94.31","5.69"
360,"20241122","111","縣市","南投縣","14615","14169.5","445.5","7999.75","7760.5","239.25","6615.25","6409","206.25","1581.33","100","96.95","3.05","100","97.01","2.99","100","96.88","3.12"
361,"20241122","111","縣市","雲林縣","1365.75","1285","80.75","578.25","539.25","39","787.5","745.75","41.75","147.69","100","94.09","5.91","100","93.26","6.74","100","94.7","5.3"
362,"20241122","111","縣市","嘉義縣","3177.5","3102.25","75.25","1512.25","1456.25","56","1665.25","1646","19.25","343.76","100","97.63","2.37","100","96.3","3.7","100","98.84","1.16"
363,"20241122","111","縣市","屏東縣","28922.75","27941.25","981.5","14730.25","14156.25","574","14192.5","13785","407.5","3129.45","100","96.61","3.39","100","96.1","3.9","100","97.13","2.87"
364,"20241122","111","縣市","臺東縣","37302","35835.25","1466.75","20702","19816","886","16600","16019.25","580.75","4038.19","100","96.07","3.93","100","95.72","4.28","100","96.5","3.5"
365,"20241122","111","縣市","花蓮縣","44257.5","42574","1683.5","24521.75","23667.25","854.5","19735.75","18906.75","829","4787.81","100","96.2","3.8","100","96.52","3.48","100","95.8","4.2"
366,"20241122","111","縣市","澎湖縣","301.5","297","4.5","141","141","0","160.5","156","4.5","32.59","100","98.51","1.49","100","100","0","100","97.2","2.8"
367,"20241122","111","縣市","基隆市","4979.5","4795","184.5","2763","2686.5","76.5","2216.5","2108.5","108","538.21","100","96.29","3.71","100","97.23","2.77","100","95.13","4.87"
368,"20241122","111","縣市","新竹市","2179","2133.25","45.75","952.25","928","24.25","1226.75","1205.25","21.5","235.66","100","97.9","2.1","100","97.45","2.55","100","98.25","1.75"
369,"20241122","111","縣市","嘉義市","604.25","576.75","27.5","245","235.25","9.75","359.25","341.5","17.75","65.24","100","95.45","4.55","100","96.02","3.98","100","95.06","4.94"
